id,case_number,date,block,iucr,primary_type,description,location_description,arrest,domestic,beat,district,ward,community_area,fbi_code,x_coordinate,y_coordinate,year,updated_on,latitude,longitude,location
14285893,JK363045,2026-08-04T00:00:00.000,046XX N HAMILTON AVE,0760,BURGLARY,BURGLARY FROM MOTOR VEHICLE,STREET,false,false,1911,019,47,4,06,1161289,1930961,2026,2026-08-11T15:44:04.000,41.966241961,-87.682351725," ,   (41.966241961, -87.682351725)"
14283703,JK359788,2026-08-04T00:00:00.000,062XX S KEDZIE AVE,1310,CRIMINAL DAMAGE,TO PROPERTY,BANK,false,false,0823,008,14,66,14,1156125,1863132,2026,2026-08-11T15:44:04.000,41.78021834,-87.703169855," ,   (41.78021834, -87.703169855)"
14283908,JK360497,2026-08-04T00:00:00.000,029XX N MOBILE AVE,4387,OTHER OFFENSE,VIOLATE ORDER OF PROTECTION,RESIDENCE,false,false,2511,025,30,19,26,1133898,1918922,2026,2026-08-11T15:44:04.000,41.933732577,-87.783349016," ,   (41.933732577, -87.783349016)"
14283293,JK359634,2026-08-04T00:00:00.000,042XX W 21ST PL,0820,THEFT,$500 AND UNDER,STREET,false,false,1012,010,24,29,06,1148455,1889419,2026,2026-08-11T15:44:04.000,41.852504465,-87.730613683," ,   (41.852504465, -87.730613683)"
14284321,JK360901,2026-08-04T00:00:00.000,001XX E 56TH ST,1320,CRIMINAL DAMAGE,TO VEHICLE,STREET,false,false,0231,002,20,40,14,1178240,1867931,2026,2026-08-11T15:44:04.000,41.792913934,-87.621947404," ,   (41.792913934, -87.621947404)"
14283777,JK360095,2026-08-04T00:00:00.000,003XX E 119TH ST,0497,BATTERY,AGGRAVATED DOMESTIC BATTERY - OTHER DANGEROUS WEAPON,RESIDENCE,false,true,0532,005,9,53,04B,1180538,1826126,2026,2026-08-11T15:44:04.000,41.678143569,-87.614800782," ,   (41.678143569, -87.614800782)"
14284479,JK361133,2026-08-04T00:00:00.000,009XX N SPRINGFIELD AVE,1320,CRIMINAL DAMAGE,TO VEHICLE,APARTMENT,false,false,1112,011,37,23,14,1150216,1905995,2026,2026-08-11T15:44:04.000,41.897956775,-87.723718119," ,   (41.897956775, -87.723718119)"
14283403,JK359774,2026-08-04T00:00:00.000,115XX S PRINCETON AVE,1187,DECEPTIVE PRACTICE,STATE BENEFITS FRAUD,RESIDENCE,false,false,0522,005,9,53,11,1176349,1828408,2026,2026-08-11T15:44:04.000,41.684500569,-87.630065744," ,   (41.684500569, -87.630065744)"
14283429,JK359787,2026-08-04T00:00:00.000,012XX S KARLOV AVE,0930,MOTOR VEHICLE THEFT,THEFT / RECOVERY - AUTOMOBILE,STREET,false,false,1011,010,24,29,07,1149243,1894165,2026,2026-08-11T15:44:04.000,41.865512855,-87.727598566," ,   (41.865512855, -87.727598566)"
14283519,JK359961,2026-08-04T00:00:00.000,002XX S LOTUS AVE,1320,CRIMINAL DAMAGE,TO VEHICLE,VEHICLE NON-COMMERCIAL,false,true,1522,015,29,25,14,1139921,1898360,2026,2026-08-11T15:44:04.000,41.87719989,-87.761717951," ,   (41.87719989, -87.761717951)"
14283179,JK359483,2026-08-03T23:57:00.000,051XX S MICHIGAN AVE,1310,CRIMINAL DAMAGE,TO PROPERTY,RESIDENCE,false,false,0231,002,3,40,14,1178030,1870911,2026,2026-08-11T15:44:04.000,41.801096101,-87.622627101," ,   (41.801096101, -87.622627101)"
14283120,JK359512,2026-08-03T23:55:00.000,041XX N LONG AVE,2031,NARCOTICS,POSSESS - METHAMPHETAMINE,PARK PROPERTY,false,false,1624,016,38,15,18,1139616,1926816,2026,2026-08-11T15:44:04.000,41.95529191,-87.762141971," ,   (41.95529191, -87.762141971)"
14283134,JK359481,2026-08-03T23:54:00.000,069XX S PAULINA ST,1310,CRIMINAL DAMAGE,TO PROPERTY,APARTMENT,false,true,0735,007,17,67,14,1166208,1858720,2026,2026-08-11T15:44:04.000,41.767902522,-87.666329286," ,   (41.767902522, -87.666329286)"
14283153,JK359470,2026-08-03T23:53:00.000,067XX S STATE ST,0460,BATTERY,SIMPLE,STREET,false,false,0322,003,6,69,08B,1177438,1860407,2026,2026-08-11T15:44:04.000,41.772285481,-87.625115462," ,   (41.772285481, -87.625115462)"
14283171,JK359478,2026-08-03T23:50:00.000,045XX S FRANCISCO AVE,0460,BATTERY,SIMPLE,RESIDENCE - YARD (FRONT / BACK),false,true,0922,009,12,58,08B,1157799,1874332,2026,2026-08-11T15:44:04.000,41.810918843,-87.69672858," ,   (41.810918843, -87.69672858)"
14284759,JK361491,2026-08-03T23:50:00.000,038XX W BELMONT AVE,0820,THEFT,$500 AND UNDER,SIDEWALK,false,false,1732,017,30,21,06,1150294,1921006,2026,2026-08-11T15:44:04.000,41.939146812,-87.723039275," ,   (41.939146812, -87.723039275)"
14283180,JK359486,2026-08-03T23:50:00.000,047XX S LAKE PARK AVE,0910,MOTOR VEHICLE THEFT,AUTOMOBILE,APARTMENT,false,false,0222,002,4,39,07,1186364,1873970,2026,2026-08-11T15:44:04.000,41.809297059,-87.591967028," ,   (41.809297059, -87.591967028)"
14283133,JK359466,2026-08-03T23:45:00.000,072XX S ARTESIAN AVE,0486,BATTERY,DOMESTIC BATTERY SIMPLE,APARTMENT,false,true,0832,008,18,66,08B,1161298,1856487,2026,2026-08-11T15:44:04.000,41.761877925,-87.684388512," ,   (41.761877925, -87.684388512)"
14283173,JK359504,2026-08-03T23:45:00.000,087XX S EXCHANGE AVE,0530,ASSAULT,AGGRAVATED - OTHER DANGEROUS WEAPON,RESIDENCE,true,false,0423,004,10,46,04A,1197282,1847618,2026,2026-08-11T15:44:04.000,41.736720116,-87.552799842," ,   (41.736720116, -87.552799842)"
14283112,JK359500,2026-08-03T23:33:00.000,067XX S COTTAGE GROVE AVE,0486,BATTERY,DOMESTIC BATTERY SIMPLE,GAS STATION,true,true,0321,003,6,42,08B,1182717,1860597,2026,2026-08-11T15:44:04.000,41.77268594,-87.605758495," ,   (41.77268594, -87.605758495)"
14287835,JK365360,2026-08-03T23:30:00.000,023XX N MILWAUKEE AVE,1240,DECEPTIVE PRACTICE,UNLAWFUL USE OF A COMPUTER,BAR OR TAVERN,false,false,1414,014,1,22,11,1157055,1915359,2026,2026-08-11T15:44:04.000,41.923516266,-87.698344402," ,   (41.923516266, -87.698344402)"
14285136,JK361957,2026-08-03T23:30:00.000,047XX S HONORE ST,1310,CRIMINAL DAMAGE,TO PROPERTY,RESIDENCE,false,false,0931,009,15,61,14,1164817,1873226,2026,2026-08-11T15:44:04.000,41.807738309,-87.671018353," ,   (41.807738309, -87.671018353)"
14283088,JK359472,2026-08-03T23:30:00.000,020XX W MONROE ST,1320,CRIMINAL DAMAGE,TO VEHICLE,PARKING LOT / GARAGE (NON RESIDENTIAL),false,false,1223,012,27,28,14,1163015,1899549,2026,2026-08-11T15:44:04.000,41.880009247,-87.676889681," ,   (41.880009247, -87.676889681)"
14284556,JK359762,2026-08-03T23:30:00.000,055XX W 54TH ST,0486,BATTERY,DOMESTIC BATTERY SIMPLE,RESIDENCE,false,true,0814,008,23,56,08B,1140195,1868245,2026,2026-08-11T15:44:04.000,41.794554804,-87.761448066," ,   (41.794554804, -87.761448066)"
14283501,JK359894,2026-08-03T23:30:00.000,048XX S WHIPPLE ST,0620,BURGLARY,UNLAWFUL ENTRY,WAREHOUSE,false,false,0922,009,14,58,05,1156852,1872538,2026,2026-08-11T15:44:04.000,41.806015067,-87.700250591," ,   (41.806015067, -87.700250591)"
